no,과제번호,과제명,담당부서,전화번호,PDF_페이지
1,1--인천-1,인천 청년도약기지(취업아카데미),청년정책담당관,032-440-4177,30
2,1--인천-2,드림나래(인천청년 면접복장 지원),청년정책담당관,032-440-4179,33
3,1--인천-3,인천 청년 자격증 응시료 지원사업,청년정책담당관,032-440-4173,36
4,1--인천-1,구직 활동 청년 지원을 위한 드림체크카드,청년정책담당관,032-440-2887,39
5,공통,청년도전 지원사업,청년정책담당관,032-440-2888,42
6,1--인천-1,인천시 일자리센터 운영,경제정책과,032-440-4274,45
7,1--인천-2,공공기관 청년 아르바이트 운영,자치행정과,032-440-2434,49
8,1--인천-3,공공기관 청년 체험형 인턴 운영,인천환경공단,032-451-2075,54
9,1--인천-4,국제기구 직업체험 프로그램,국제협력과,032-440-3234,58
10,1--인천-5,국제기구 진출 아카데미,국제협력과,032-440-3243,61
11,공통,대학일자리플러스센터 운영지원,청년정책담당관,032-440-4178,65
12,2--인천-1,인천 청년 고용안심 지원,청년정책담당관,032-440-4178,68
13,2--인천-2,인천 재직청년 복지포인트 지원,청년정책담당관,032-440-4179,71
14,공통,지역혁신중심 대학지원체계(RISE) 추진,교육협력담당관,032-440-2164,74
15,2--인천-1,인천 농어촌 청년 프로그램 지원,청년정책담당관,032-440-4177,77
16,공통,청년농업인 영농 정착 지원,농축산과,032-440-4362,81
17,2--인천-1,청년농업인 영농 스타트업 지원,농축산과,032-440-4362,84
18,2--인천-2,청년농업인4-H연합회 활동지원,농촌자원과,032-440-6932,87
19,공통,청년어업인 영어정착지원,수산기술지원센터,032-458-7462,92
20,3--인천-1,청년고용 우수기업 근로환경 개선지원,청년정책담당관,032-440-4179,96
21,공통,산업단지 노후공장 청년친화 리뉴얼,산업입지과,032-440-4269,99
22,4--인천-1,신개념 세대융합 청년창업 지원,산업창업정책과,032-440-3283,102
23,4--인천-2,대학주도형 청년창업 플랫폼 운영,산업창업정책과,032-440-3283,106
24,4--인천-3,청년 소셜벤처기업 육성 사업,산업창업정책과,032-440-3283,109
25,4--인천-4,청년창업 특례보증 및 이차보전,소상공인정책과,032-440-1742,113
26,4--인천-5,청년 사회적경제기업 창업지원사업,사회적경제과,032-440-4912,117
27,4--인천-6,스포츠산업 창업지원,체육진흥과,032-440-4324,120
28,4--인천-7,인천스타트업파크 청년을 위한 창업지원,경제자유구역청 혁신성장도시과,032-453-7344,124
29,공통,인천콘텐츠 코리아랩 운영,문화정책과,032-440-3992,129
30,4--인천-1,"인천혁신모펀드 운영(청년벤처,창업기업투자유치 펀드지원사업)",산업창업정책과,032-440-4252,132
31,4--인천-2,청년 해외진출기지 지원,산업창업정책과,032-440-3283,135
1,1--인천-1,SW·AI기술 활용인력 양성교육,AI혁신과,032-440-4944,142
2,1--인천-1,청년 콘텐츠 우수인재 양성,문화정책과,032-440-3993,146
3,1--인천-2,친환경 자원순환센터 청년 교육 및 환경분야 실무인재 양성,자원순환과,032-440-3594,149
4,1--인천-3,인천형 공공간호사 장학사업,보건의료정책과,032-440-2754,153
5,1--인천-4,의료 코디네이터 양성 및 지원사업,보건의료정책과,032-440-2737,157
6,1--인천-5,지역형 마이스 전문인력 양성 프로그램,관광마이스과,032-440-4104,160
7,공통,산업혁신 인재성장지원(해외연계),반도체바이오과,032-440-4299,163
8,공통,화이트바이오산업 전문인력 양성,반도체바이오과,032-440-3103,167
9,공통,산학융합지구 촉진지원사업 대학생 현장맞춤형 교육,항공과,032-440-4809,170
10,공통,반도체 패키징 분야 대학중점연구소 지원,반도체바이오과,032-440-4297,174
11,공통,지역지능화 혁신인재 양성사업,반도체바이오과,032-440-4299,177
12,공통,반도체 특성화대학 지원사업,반도체바이오과,032-440-4297,181
13,공통,미래우주교육센터 구축,항공과,032-440-4809,184
14,2--인천-1,항공정비 청년일자리 맞춤지원,항공과,032-440-4809,187
15,3--인천-1,(재)인천인재평생교육진흥원 장학사업지원,교육협력담당관,032-440-2192,189
16,3--인천-2,청년 인재육성 사업,교육협력담당관,032-440-2192,191
17,3--인천-1,대학생 학자금대출 이자 지원,교육협력담당관,032-440-2162,193
1,1--인천-1,아이플러스 집드림_천원주택,주택정책과,032-440-4757,200
2,1--인천-2,검단신도시 워라밸빌리지 특화구역 청년주거단지 조성,인천도시공사,032-260-5705,203
3,공통,기존주택 매입 청년 임대사업,주택정책과,032-440-4758,206
4,공통,청년층 임대주택 공급 확대 (통합공공임대주택),주택정책과,032-440-4757,210
5,공통,인천글로벌캠퍼스 학생기숙사 증축사업,경제자유구역청 도시건축과,032-453-7874,214
6,공통,인천형 청년월세 지원사업,청년정책담당관,032-440-2888,218
7,2--인천-1,아이플러스 집드림_1.0 이자지원,주택정책과,032-440-4759,222
8,2--인천-2,청년 주택임차보증금 이자 지원사업,청년정책담당관,032-440-2889,225
9,공통,전세보증금반환보증 보증료 지원사업,주택정책과,032-440-4743,228
10,3--인천-1,인품 자립주택 운영,아동정책과,032-440-2882,232
11,3--인천-2,천원 복(福)비 주택 중개보수 지원사업,토지정보과,032-440-4587,235
1,1--인천-1,재직청년을 위한 '드림For청년통장',청년정책담당관,032-440-2887,241
2,1--인천-2,청년 발달장애인 자산형성 지원사업,장애인복지과,032-440-2968,244
3,공통,청년내일저축계좌,복지정책과,032-440-1544,247
4,1--인천-1,청년 재정 UP 클래스,청년정책담당관,032-440-2906,250
5,공통,가족돌봄청년 지원,외로움정책과,032-440-8094,253
6,공통,고립‧은둔 청년 지원,외로움정책과,032-440-8094,256
7,공통,자립준비청년 자립수당 지급,아동정책과,032-440-2884,259
8,공통,자립지원전담기관 운영,아동정책과,032-440-2882,263
9,2--인천-1,자립준비청년 자립정착금 지원,아동정책과,032-440-2884,266
10,2--인천-2,희망디딤돌 인천센터 운영,아동정책과,032-440-2882,269
11,공통,청년 사회서비스 사업단 운영,복지정책과,032-440-1545,272
12,공통,청년마음건강센터 운영,건강증진과,032-440-1583,275
13,공통,청년중독관리사업,건강증진과,032-440-1583,278
14,3--인천-1,인천형 천원의 아침밥 지원,농축산과,032-440-4363,281
15,4--인천-1,청년문화창작소 운영,문화정책과,032-440-4014,285
16,4--인천-2,청년문화 활성화 사업,문화정책과,032-440-4014,289
17,공통,청년 문화예술패스,문화정책과,032-440-4014,292
18,4--인천-1,군복무 인천청년 상해보험 지원,청년정책담당관,032-440-2888,295
19,4--인천-2,미혼남녀 만남 지원(i+이어드림),인구전략기획과,032-440-2808,299
20,4--인천-3,인천형 작은 결혼식 지원(i+맺어드림),인구전략기획과,032-440-4932,303
21,공통,인천형 대중교통비 환급 지원 사업(인천 i-패스),교통정책과,032-440-3887,306
1,1--인천-1,청년참여 위원회 확대,청년정책담당관,032-440-4172,310
2,1--인천-2,인천청년정책네트워크 구성운영,청년정책담당관,032-440-4173,314
3,1--인천-1,청년의 날 및 청년주간 운영,청년정책담당관,032-440-2887,317
4,1--인천-2,찾아가는 인천유스톡톡,청년정책담당관,032-440-2906,320
5,1--인천-3,에코 크리에이터즈 운영,자원순환과,032-440-3585,323
6,1--인천-4,인천 대학예술로 소통 페스티벌,시민소통담당관,032-440-2183,326
7,1--인천-5,인천 청년정책 공모전,청년정책담당관,032-440-4173,329
8,2--인천-1,인천 청년공간 유유기지 운영,청년정책담당관,032-440-2906,333
9,2--인천-2,인천유스톡톡 인천청년포털,청년정책담당관,032-440-2889,336
10,2--인천-1,청년재단 설립 및 청년기금 조성 타당성 연구,청년정책담당관,032-440-4172,338
